Post,Label
Just a nice egg breakfast with a side of natural disaster.,DamnNatureYouScary
👀,DamnNatureYouScary
The nature sucks sometimes...,DamnNatureYouScary
massive feeding frenzy of sharks going for tuna.,DamnNatureYouScary
imagine slipping off the edge 🫣,DamnNatureYouScary
Road to Kashmir.,DamnNatureYouScary
"Just a Hawk enjoying some lunch. Phoenix, AZ",DamnNatureYouScary
Yacare Caiman eats another,DamnNatureYouScary
Sudden wind gust,DamnNatureYouScary
Tsunami wave cresting at maximum peak,DamnNatureYouScary
Who won?,DamnNatureYouScary
Cold in Wyoming this week.,DamnNatureYouScary
Is this the retribution of the gods?,DamnNatureYouScary
“Zombie” Beetle controlled by a parasite after death,DamnNatureYouScary
A river made of lava,DamnNatureYouScary
A tiger waiting in ambush at the side of the road in India,DamnNatureYouScary
Mom picking her favorites,DamnNatureYouScary
Purple Storm,DamnNatureYouScary
A crocodile eating a whole turtle,DamnNatureYouScary
Komodo dragon swallows an entire goat,DamnNatureYouScary
Scary shark gets eaten by scarier shark,DamnNatureYouScary
COYOTES ATTACK BIG BUCK ON THE ICE,DamnNatureYouScary
He's planning every detail of the camera mans death,DamnNatureYouScary
Heavy rain timelapse.,DamnNatureYouScary
Lizard attacking scorpion (repost of mistaken gecko label),DamnNatureYouScary
Boulder,DamnNatureYouScary
"The average cat’s reaction time is approximately 20-70 milliseconds, which is faster than the average snake’s reaction time, 44-70 milliseconds.",DamnNatureYouScary
Jfc,DamnNatureYouScary
Koala mating call,DamnNatureYouScary
Lightning Volcano,DamnNatureYouScary
"Stumbled upon some wildlife while hiking, pardon the language.",DamnNatureYouScary
What are the chances!,DamnNatureYouScary
Dammnn,DamnNatureYouScary
a mountain lion’s scream is eerie.,DamnNatureYouScary
"Now, kiss...",DamnNatureYouScary
Shark attacks diver and enters cage.,DamnNatureYouScary
These icicles look like a person,DamnNatureYouScary
Huge muscular mountain goat seen in forest,DamnNatureYouScary
🔥Hermit crab using a discarded doll head for a shell🔥,DamnNatureYouScary
Mother Nature is scary AF….,DamnNatureYouScary
Her friends save her from the hyenas,DamnNatureYouScary
"This creature which looks like a human eating monster is named Octopus Stinghorn. It's a fungus that grows in Shola Forests, India.",DamnNatureYouScary
[OC] River rising close to road after two days of heavy rain and melting snow. Northern KY,DamnNatureYouScary
Bears fighting over a whale carcass.,DamnNatureYouScary
Canid control,DamnNatureYouScary
🔥 In Australia was a rare photo of this spider observed hunting a possum.,DamnNatureYouScary
It Was So Foggy This Morning I Thought I Was In Silent Hill,DamnNatureYouScary
Doe fetus.,DamnNatureYouScary
"Brinicle formation, the ""ice finger of death"" beneath the Antarctic ice sheet",DamnNatureYouScary
Massive deep-sea bluntnose six-gill shark,DamnNatureYouScary
Ladybug larvae sucking an aphid dry.,DamnNatureYouScary
Teamwork makes nightmares for others,DamnNatureYouScary
Yeet!,DamnNatureYouScary
Rude language warning.,DamnNatureYouScary
"Unidentified waterspout illustrations from Significant Tornadoes 1680-1991 by Thomas P. Grazulis, wanted to post this because I hope someone can agree with me how creepy the last photograph is. The way the funnels are bent, the way the boat appears to be in the middle.",DamnNatureYouScary
Only in Australia,DamnNatureYouScary
A moose-vehicle collision can happen in the blink of an eye,DamnNatureYouScary
Nature is unforgiving.,DamnNatureYouScary
A Bengal tiger eating an Indian leopard. (via anandamatthur on ig),DamnNatureYouScary
"Awesome cloud over Bondy Beach, Sydney, Australia.",DamnNatureYouScary
"Volcanic eruption in Tonga produced a mushroom cloud 19 miles high, a sonic boom which was detected in the UK, and around 400,000 lightning bolts. It badly affected 80% of Tonga's population.",DamnNatureYouScary
Life lessons are painful sometimes,DamnNatureYouScary
This is Hala. A fruit that looks like an exploding planet.,DamnNatureYouScary
Aliens approaching,DamnNatureYouScary
Then teeth tho,DamnNatureYouScary
Can someone help him with signing the rights over? It's Yogi's house now,DamnNatureYouScary
Poor Little Guy,DamnNatureYouScary
Drew Brees got struck by lightning while filming a commercial for sports betting in Venezuela,DamnNatureYouScary
Frilled shark swimming in the ocean. These sharks are over 80 million years old and swam alongside dinosaurs,DamnNatureYouScary
I mean... you can't be mad @ the tiger. I don't think you were supposed to get out of your car!!!.,DamnNatureYouScary
I want to touch it…,DamnNatureYouScary
The Snow Leopard's sheer dedication to securing its prey.,DamnNatureYouScary
why we should stop using plastics,DamnNatureYouScary
I was rooting for the fly trap,DamnNatureYouScary
In shock the camera stayed up that long,DamnNatureYouScary
Parasitic Fungus (Akanthomyces sp) which has infected a Moth.,DamnNatureYouScary
🐊,DamnNatureYouScary
"Giraffes normally use different methods to protect their calves from predators such as lions and hyenas. These include; (1)Guarding them closely, (2)kicking predators, (3)Creches-keeping them with a group of other young ones.",DamnNatureYouScary
Guy demonstrates why you shouldn't step into water you don't know the depth of,DamnNatureYouScary
Tornado in Kansas,DamnNatureYouScary
Golden Monkeys have shinny fur. This is the reason they are being hunted to extinction,DamnNatureYouScary
18 foot Burmese python eats a 5 foot alligator in the Florida everglades,DamnNatureYouScary
"The Aye-Aye, a primate native to Madagascar. According to local legends, the Aye-Aye is a demon that can kill just by pointing its finger.",DamnNatureYouScary
Too spooked to ID. Mesquite NV area.,DamnNatureYouScary
"The Lloyd’s Bank Coprolite, the largest fossilised human faeces ever found. It was unearthed in 1972 during excavations in York, England. The coprolite is dated to the 9th Century, and is 8 inches long, and 2 inches wide.",DamnNatureYouScary
A firewoman captures and handles an Indian Spectacled Cobra after it snuck into the Corporate Records office of the Life Insurance Corporation in Mumbai.,DamnNatureYouScary
Two pitbulls attacking poodle,DamnNatureYouScary
Two giant Alaskan Grizzly Bears battle during mating season on the coastal peninsula.,DamnNatureYouScary
"Male Lions will fight to the death to prevent other males taking over their prides. When there is a successful takeover, the newly victorious males will often kill the offspring of the former male . Lionesses will, on occasion fight to the death to protect their cubs.",DamnNatureYouScary
The Real Hippo teeth that will not spare you are here!,DamnNatureYouScary
[OC] Thresher Shark attacking our shear while tuna fishing off the coast of Washington,DamnNatureYouScary
"A crocodile opening it's mouth can scare you but It's similar to a dog panting to cool down and minimize water loss. Basically, they can't sweat like we do. They evolved other methods of cooling, by opening their mouths and essentially sweating through their mouths.",DamnNatureYouScary
A praying mantis eating the guts of an innocent inchworm(Cabbage looper). The worst part is that the caterpillar was still alive at this point. Photo taken by me,DamnNatureYouScary
Amazing hippos I met in Lake Mburo National Park in Uganda. They seemed hungry and ready to crash anything approaching them,DamnNatureYouScary
Zebras face ripped off and still fighting for life. Crocodiles are ruthless.,DamnNatureYouScary
When you ate too much,DamnNatureYouScary
Going for a dive,DamnNatureYouScary
"What probably you didn't know about buffaloes. They never forget some one who harassed them . Like the elephant, the African buffalo is renowned for its exceptional memory. They are known to ambush and attack hunters that have wounded or injured them – even years later!",DamnNatureYouScary
Amazing Time-lapse of Bees Hatching,DamnNatureYouScary
The size of a huntsman spider nest (repost),DamnNatureYouScary
