Description,Label
"The men, including two teenagers, were saved as rescue teams look to next phase of aidThree more people have been rescued almost 200 hours after a massive earthquake hit Turkey and Syria, but hopes are dwindling of finding more survivors of what the World Hea…",natural disaster
"Ten days after disaster, grief is being subsumed by anger over lax building standardsBodies continued to be retrieved from rubble across southern Turkey on Thursday as the death toll from the earthquake neared 37,000, and anger mounted among survivors, who sa…",natural disaster
"The UN's delay in sending aid to Syrian victims of last month's quake was unjustified, some experts say.",natural disaster
"“People usually don’t recover from disasters. If they’re lucky, they survive them.”",natural disaster
Senior politicians are urging the prime minister to bring in the military to assist police with reports of violence and looting.,natural disaster
Scientists say the pace with which infrastructure is being built threatens the Himalayan ecosystem.,natural disaster
"A way must be found to open up cross-border routes from Turkey and deliver help to a forgotten regionA week on, amid the tears of the bereaved and the abandoned, the unbearable scale of the death and destruction has become horrifyingly clear. At least 35,000 …",natural disaster
"Disaster has given opportunity to show decisive leadership but issues raised by climate change could be a political landmineOn the lawn of a suburban home in Coromandel, the prime minister’s dress shoes have been scuffed ochre by a softened bed of clay. Chris…",natural disaster
"In the second instalment in a series of diaries about Cyclone Gabrielle’s aftermath in New Zealand, Anna Rankin describes the fears, rumours and unexpected effects of a lack of internet in the town of Wairoa<ul><li>My Cyclone Diary: The day we watched the flo…",natural disaster
New Zealand's PM says Cyclone Gabrielle was biggest disaster this century as death toll likely to rise.,natural disaster
"Grave fears held for about 10 people while almost 5,000 listed as out of contact as military helps deliver aid to affected communitiesThe death toll from Cyclone Gabrielle in New Zealand rose to nine on Saturday as the clean-up continued in the North Island a…",natural disaster
BBC News investigates the tactics used by scammers to make money when natural disasters strike,natural disaster
"Tiny prototype device uses the natural properties of wood to twist and turn. Plus, the closest-ever look at the underside of the Doomsday Glacier and the health and environmental impacts of the US train disaster.",natural disaster
"Although the intense imagery suggests Ohio might have a mini Chernobyl on its hands, the scale of Chernobyl's destruction was much worse.",natural disaster
"The World Health Organization said Tuesday that last week's massive earthquake, the epicentre of which was in Turkey, constituted the ""worst natural disaster"" in 100 years in its Europe region.",natural disaster
"From vinegar to raw potato, natural everyday staples are tested to see if they can replace high-price brandsMy late mother-in-law, Lyn, was not a traditional 1950s housewife. Born in 1928, she didn’t marry until the ancient (for the time) age of 29. Lyn was m…",natural disaster
"Deaths caused by delays in emergency care are grim evidence of the price of NHS underfunding If the cause was a plane crash or a natural disaster, the needless deaths of 500 people might be declared a national emergency. Not so with the NHS crisis. At least 5…",natural disaster
"Buried in Arctic permafrost, the collection safeguards the world’s crop species – and is a magnet for conspiracy theories. Now the public can take a look aroundJutting out of the permafrost on a mountainside on Spitsbergen, in the Svalbard archipelago, the en…",natural disaster
<ul><li>Liverpool fans describe move as ‘shocking’ and a ‘betrayal’</li><li>FA says Ceferin’s track record shows suitability as president</li></ul>The Football Association gave official support for Aleksander Ceferin to be re-elected Uefa president and sent a…,natural disaster
"Stories of abuse are emerging from the rubble. Meanwhile, in a misogynistic society, women’s basic needs are going unmetIn Turkey’s southern province of Hatay, one of the most ravaged cities in the recent earthquakes, 25-year-old Alev Altun, the mother of two…",natural disaster
"Non-native species are now more numerous in wild – with implications for native insectsHalf of Britain and Ireland’s native plants have declined over the past 20 years, with non-native species now more numerous in the wild, a major study has found.Thousands o…",natural disaster
"Balladz by Sharon Olds; Material Properties by Jacob Polley; Was It for This by Hannah Sullivan; Brother Poem by Will Harris; Couplets by Maggie MillnerBalladz by Sharon Olds (Jonathan Cape, £12)“Climbing the stairs, slowly, on my palms / … / how much differe…",natural disaster
"A train derailed and flooded a town with cancer-causing chemicals. But something larger, and more troubling, is at workEarlier this month, a train carrying toxic chemicals derailed in eastern Ohio, exploding into flames and unleashing a spume of chemical smok…",natural disaster
"Every morning this year, Aaron Robinson has arisen before dawn and run 26 miles before work. He explains how to turn an intimidating exercise plan into a simple habitBy the time you read this, Aaron Robinson will – barring disaster – have run his 75th maratho…",natural disaster
Nearly two dozen people are in jail after violent protests at a forest near Atlanta that's become a national focal point as authorities gear up to begin construction of a massive police and fire training facility.,natural disaster
"Author of surprise hit Capital in the Anthropocene has developed his arguments in a new study of Karl Marx’s ecological thinkingWhen academic Kohei Saito submitted his manuscript on Karl Marx, the ecological crisis and arguments for degrowth economics, he hop…",natural disaster
Forceful flooding that washed away roads and sent residents across parts of northern and central California fleeing their homes to safety is expected to continue Saturday and through the weekend as more rain arrives.,natural disaster
The artist and charity founder has worked in Syrian and Ukrainian war zones and has been drawing amid the ruins of this month’s earthquake where – perhaps surprisingly – people have been very keen to see the workIt was the fifth day after this month’s devasta…,natural disaster
Low-income countries often lack the resources to prepare and respond to disasters. Here’s why the “disaster divide” leads to such high death tolls.,natural disaster
"Investigations are under way in the hope this is the first conflict in which a full reckoning is made of environmental crimes<ul><li>Russia-Ukraine war – latest news updates</li></ul>Toxic smoke, contaminated rivers, poisoned soil, trees reduced to charred st…",natural disaster
Video shows Miray being rescued from under a Turkish building a week after a huge earthquake.,natural disaster
"Nearly 11 days after a massive earthquake and powerful aftershocks rocked southeastern Turkey, two men trapped beneath the rubble have been rescued.",natural disaster
"Nearly 2,000 balloons are launched into the sky daily, to monitor everything from the weather to specific phenomena in spaceMystery still surrounds the latest flying objects shot down by the US over northern Alaska, Canada’s central Yukon territory and Lake H…",natural disaster
"Many believe there is little future in trying to tackle problems of the 2020s with institutions created in the 1940sWanted: a new president for the World Bank, a venerable global institution with a mission to eradicate poverty. The successful candidate will h…",natural disaster
Former president criticizes Biden administration’s response to train derailment in East Palestine as he visits townDonald Trump’s record of rolling back environmental protections was highlighted by critics on Wednesday as the ex-president visited the town of …,natural disaster
"A veteran naturalist and writer picks the species that have played a key role for humans, from ancient civilisations to today’s climate crisisFor the whole of human history, we have shared our world with birds. We have hunted and domesticated them for food; w…",natural disaster
From a literary thriller to a Great British Bake Off inspired murder mystery.View Entire Post ›,natural disaster
Landslides are one of Kentucky's costliest natural disasters. Climate change is increasing their danger.,natural disaster
"An overwhelming stench of chlorine filled the air this week where Nathen Velez and his wife had been raising their two children, quickly burning his throat and eyes.",natural disaster
"Years after Hurricane Michael devastated Florida's Gulf Coast, residents of that area are still struggling to overcome the trauma of the Category 5 storm.",natural disaster
"If 1996's ""Twister"" taught us anything, it's that storm chasing is not only exhilarating, but when things go wrong it makes for one hell of a natural disaster movie. In 2024, we'll be treated to ""Twisters,"" the long-awaited follow-up to ""Twister,"" which is lo…",natural disaster
"Scientists warned Utah lawmakers the state would face ""unprecedented"" danger if the Great Salt Lake doesn't receive an influx of water by next year.",natural disaster
Here are handy talking points to refute any climate skeptic argument.,natural disaster
"During the programme, Modi also felicitated awardees of the Subhas Chandra Bose Aapda Prabandhan Puraskar for 2023 — Odisha State Disaster Management Authority (OSDMA) and the Lunglei Fire Station, Mizoram.",natural disaster
NASA-developed technology that can remotely detect the tiniest motions of the body caused by basic processes necessary for life will be used by disaster relief teams in earthquake-stricken Turkey.,natural disaster
"With Friday the deadline for bids, we assess the steps those hoping to succeed the Glazers must take on and off the pitchWhen Louis van Gaal walked through the manager’s door in July 2014 he was stunned at how the actual football had parity (at best) with Man…",natural disaster
"""Twister,"" one of the most successful disaster movies of all time, is finally getting a sequel set to release in 2024, more than twenty-five years after its debut in 1996 (per Deadline). Legacy sequels made long after the original entries are still going stro…",natural disaster
"Yasmeen Lari, 82, says rebuilding from Pakistan's devastating floods with concrete will only make things worse. Bamboo may be the answer.",natural disaster
"Between hurricanes, flooding, wildfires, tornadoes, earthquakes and more, asset investors are continually vulnerable.",natural disaster
"NBC’s American Auto kicks off season two with a disaster of almost biblical proportions. The show, which revolves around the shenanigans of an automobile company’s top brass, returned on January 26. In its sophomore run, CEO Katherine Hastings (Ana Gasteyer) …",natural disaster
"In the wake of natural disasters like wildfires that have destroyed whole communities with alarming speed, some folks are focused on the beloved pets left behind—and how to save others in the future.",natural disaster
Safety standards along rail network are in focus as East Palestine residents worry about exposure to toxic chemicals.,natural disaster
"The recent Ohio train derailment and subsequent fire that released vinyl chloride into the environment has been a terrifying experience for the nearby population. The accident rekindles memories of the 1979 train accident in Mississauga, Ontario, when over 20…",natural disaster
The train wreck spilled chemicals into the environment like vinyl chloride. Here’s what that means for human health.,natural disaster
"Thousands of miles of fiber-optic cable lining the seafloor are vulnerable to sea-level rise, storms and other climate impacts, research shows",natural disaster
"Rail operator Norfolk Southern is now facing a slew of lawsuits over its derailed cargo train in East Palestine, Ohio on Feb. 3 that caused a massive fire and toxic chemical spill.",natural disaster
"We get an update on last week’s earthquakes from Turkish parliament member Hişyar Özsoy, in the Kurdish-majority city of Diyarbakır in southern Turkey, who says the devastation there reflects a lack of planning and regulation that led to so many buildings col…",natural disaster
Michael Regan sought to reassure skeptical residents that the water is fit for drinking and the air safe to breathe around East Palestine.,natural disaster
"Along with an evacuation plan, having a well-stocked emergency kit is key.",natural disaster
The damaging effects of accidents like the Ohio train derailment would be minimized if industry would commit to developing safer chemical processes and products,natural disaster
"Chris Minns says, if elected, Labor will spend $3.3m upgrading early warning systems for floods and fires<ul><li>Follow the day’s news, live</li><li>Get our morning and afternoon news emails, free app or daily news podcast</li></ul>New South Wales Labor has p…",natural disaster
"Stories of miraculous rescues flooded the airwaves in recent days, but tens of thousands of dead have also been found.",natural disaster
"We've been living with Microsoft and OpenAI's new release and have some thoughts to share Born from science fiction in the first half of the 20th century, Artificial Intelligence (AI) was initially imagined in humanoid robotic forms. The non-fiction scientifi…",natural disaster
"“Hamilton” creator Lin-Manuel Miranda will bring his award-winning musical back to Puerto Rico for two weeks of performances in June, including a fundraiser for the Hispanic Federation and education nonprofit, the Flamboyan Foundation",natural disaster
"In the aftermath of Cyclone Gabrielle, Prime Minister Chris Hipkins promised to invest billions in disaster-hit communities to ""build back better"". But building community and infrastructure resilience will take more than just cash.",natural disaster
Progressive homeowners insurance offers online quoting with options to talk to an agent on the phone or in person. Affordable coverage is widely available.,natural disaster
"Inside a shrine overlooking snow-capped mountains, Hindu priests heaped spoonfuls of puffed rice and ghee into a crackling fire.  For months, the roughly...",natural disaster
"Customer records, financial information, personally identifiable information (PII) — Salesforce is the virtual motherlode of data prized by cybercriminals. To properly guard your Salesforce data, you must be on the lookout for potential threats.  Data breache…",natural disaster
"Mariah Carey, Miley Cyrus, and Shania Twain are being spotlighted on Apple Fitness Plus ahead of International Women's Day. CNN's Christiane Amanpour also stars in Time to Walk.",natural disaster
"Two days after a devastating earthquake struck, Turkish President Recep Tayyip Erdoğan visited one of the worst affected areas and declared that it was ""not possible to be prepared for such a disaster.""",natural disaster
Rescue work continues after a torrential downpour brought flooding and landslides to coastal area of Sao Paulo state.,natural disaster
"As the February 6 earthquakes move down the global news agenda, we should not forget the promises we made to Syrians.",natural disaster
"Despite a new relief fund in Sonoma county, farm workers face economic catastrophe when storms and fires strikeAs a series of deadly storms whipped through California’s wine country, liquefying fields and turning vineyards into wading pools, thousands of farm…",natural disaster
"Japanese authorities are preparing to release treated radioactive wastewater into the Pacific Ocean, nearly 12 years after the Fukushima nuclear disaster. This will relieve pressure on more than 1,000 storage tanks, creating much-needed space for other vital …",natural disaster
Scalable and up-to-date processes and technologies are crucial for avoiding downtime and reputational damage when disaster strikes.,natural disaster
"The Chinook, which has been in continuous service since 1962, derives its longevity from what it can carry.",natural disaster
"Australia presents some serious challenges for landscape photographers, like lighting. For most of the day, the Australian landscape is bathed in a very harsh, bright light, which amps up contrast and washes out colors.
[Read More]",natural disaster
If the security concept is not,natural disaster
"A week after the storm struck the North Island, police say two more bodies were found in hard-hit Hawke’s Bay areaThe death toll from Cyclone Gabrielle in New Zealand climbed to 11 as many people not yet contacted a week later.The cyclone hit the North Island…",natural disaster
"Written byCivic Media Observatory   This story is part of Undertones, Global Voices’ Civic Media Observatory‘s newsletter. It features a summary of a year-long research on media ecosystems from Turkey and what we can expect in 2023. Whenever you click on a hy…",natural disaster
"Using submarine sensors, Kubota works to understand earthquakes and tsunamis.",natural disaster
"We must make humanitarianism a global agenda, just like climate change, press freedom and gender equalityAfter the dreadful earthquakes in Syria and Turkey – the latter of which is now grappling with two more powerful shocks – the global humanitarian ecosyste…",natural disaster
"THE Bantuan Wang Ihsan (BWI) of RM1,000 to each qualified head of household as well as RM10,000 to the families of victims who passed away because of natural disasters such as floods will still be continued, says Datuk Wilson Ugak Kumbong. Read full story",natural disaster
Experts say psychosocial programmes should be enacted to help survivors cope with trauma and go back to routine life.,natural disaster
"Environmental stewardship efforts should aim to protect and connect natural systems, not save chosen animal species.",natural disaster
"Tal Hanan, the mastermind of the ‘Team Jorge’ unit, claims covert involvement in 33 presidential elections. Plus, the truth about caffeineGood morning.A team of Israeli contractors who claim to have manipulated more than 30 elections around the world using ha…",natural disaster
Chemical spill experts and researchers told Grist that the derailment in Ohio was just business as usual for railroad industry.,natural disaster
"Despite its egregious technical performance, when everything is working 'Wild Hearts' creates a uniquely cohesive monster hunting experience.",natural disaster
"You never want to think it's going to happen to you, but natural disasters can strike anywhere at any time. In fact, there have been 15 weather and/or...",natural disaster
"The Draganfly team will be located at booth #1277, showcasing the company’s Vital Intelligence AI Technology, Heavy Lift Drone and Commander 3XL Drone Los...",natural disaster
Türkiye and Syria are reeling from one of the worst earthquakes to strike the region in almost a century. Tens of thousands of people have been killed with many more injured in this tragedy.,natural disaster
"The catastrophic earthquakes of February 6, 2023 in Turkey and Syria are so far known to have claimed the lives of over 41,000 people. This number will likely grow as rescue and recovery efforts continue.",natural disaster
"This article explore the risks from the Palestine Ohio Toxic Train wreck, and identifies the risk to the environment and to citizens. It also outlines 7 AI strategies to help create a more intelligent community and to ensure that major improvements are made i…",natural disaster
"Ece Temelkuran

In Turkey, millions of people are suffering from a natural disaster without timely government aid. Meanwhile, Erdogan is planning for his next election. 
The post Erdoğan Can’t Hide Any Longer appeared first on The Nation.",natural disaster
Republicans accused Buttigieg of a slow response a day after the transportation secretary said he should have made a public comment about the disaster “sooner” than a tweet he sent a week-and-a-half after the incident.,natural disaster
The Chinese embassy in France was slammed for posting false claims about the longest suspension bridge in the world located in Turkey.,natural disaster
"Every four years when I was growing up, my
mother would scoff at the influx of presidential nominees pretending to care
about Ohio voters. Now, the town of East Palestine is being subjected to that
spectacle in an off year. 
Long before the 150-car train car…",natural disaster
"Last month’s toxic train disaster in Ohio was a stark reminder how powerful lobbying by regulated industries for decades have delayed, weakened or rolled back public safety and environmental protection regulations that have taken a toll on our communities, he…",natural disaster
"A special sporting event requires a special surface, and while all eyes may be on the Super Bowl commercials, for the players the field is more important.",natural disaster
"'Steep mountain ahead,' prime minister says as 11 deaths confirmed so far after storm sweeps north and east of country.",natural disaster
