Description,Label
"Floods are the most expensive natural disaster in the United States, costing over $1 trillion since 1980 (when you take inflation into account), according to Flood Defenders. And while many people use FEMA flood maps to check whether their home has a high flo…",disaster
"People living in and near East Palestine, Ohio have been suffering with more than two weeks of uncertainty after a train derailed there, releasing toxic chemicals including vinyl chloride. The disaster has ignited a national interest in disaster management an…",disaster
"Searches will only continue in Kahramanmaras and Hatay, the country's disaster agency said.",disaster
"Press freedom groups criticise a new ""disinformation law"" used to target reporting on the disaster.",disaster
"Turkey has ended most search and rescue operations, nearly two weeks after a huge earthquake killed tens of thousands of people, the country's disaster management authority said.",disaster
"""Everyone's scared. They had a normal life, then they're told to grab what you can and get out now, which they did. And then they were told, well, you can go back and you're on your own. You know, that's not right,"" Judith A. Lennington tells CNN's Stephanie …",disaster
A fiery train wreck that released toxic materials in an Ohio town is raising new questions in the halls of the nation's capital over the regulation of the rail industry and if stricter measures could have prevented the disaster.,disaster
"Norfolk Southern CEO Alan Shaw defended his company's actions since the disaster caused by the derailment of one of its trains in East Palestine, Ohio, and promised the railroad will pay for the cleanup.",disaster
Greece train disaster exposes rail network neglect  Reuters,disaster
Trafficker suspect caught in Austria after Italy shipwreck disaster  Reuters,disaster
"Campaigners for a ‘Hillsborough law’ say proposal lacks powers to secure key documents and prevent cover-upsDominic Raab has announced ministers will set up an “independent public advocate” to support victims and families of people killed in major disasters, …",disaster
"Under a blanket of stars, the only sound in the air is the deep hum of a pick-up truck, its headlights off. Fumes chug into frigid air from the exhaust. Only the taillights reveal the vehicle's outline; the remotest sliver of light could spell disaster this c…",disaster
"President Joe Biden and House Republicans have promised not to touch Social Security in their battle over cutting spending to address the nation's debt ceiling crisis. While that vow is intended to indicate support of the popular entitlement program, it could…",disaster
"It's been a week since a massive 7.8 magnitude earthquake rocked Turkey and Syria, claiming the lives of more than 36,000 people. Many tens of thousands more have been injured. Millions may be left homeless.",disaster
"JAXA's second attempt at launching the H3 rocket has ended up becoming a major setback for Japan's space ambitions. While the rocket was able to leave the launch pad, the country's space authorities were forced to activate its flight termination system a few …",disaster
These rugged covers for the S23 Ultra don't play. Grab one of these tough cases so your Samsung flagship can live through any disaster imaginable.,disaster
"It's a supersoup during this humanitarian crisis. Easy to make, it warms the displaced, fuels rescue crews and comforts residents traumatized by the disaster.",disaster
"Brian Kelly's job is to go into disaster zones and assess risks. He worked on the lead drinking-water crisis in Flint, Michigan, and the BP oil spill.",disaster
"A 6.4-magnitude earthquake and a second measuring 5.8 have hit Turkey’s southern province of Hatay, terrifying those left in a region devastated by twin earthquakes two weeks ago. Turkey’s interior minister, Süleyman Soylu, said that at least three people wer…",disaster
"The failure of Pete Buttigieg, the US secretary of transportion, to appear for nearly three weeks recalls the incompetence of Fema during Hurricane Katrina“Where’s Pete Buttigieg?” someone shouted at a February 15 town hall meeting in East Palestine, Ohio. “I…",disaster
"Celebrated whistleblower and activist assures residents of East Palestine they are not alone, but also that a long road lies aheadEvery seat was taken in the East Palestine high school auditorium on Friday night as America’s most famous environmentalist took …",disaster
"Whoever takes the reins in Scotland, statehood is surely an irresistible force‘Ane lecherous and bluidy Tyrant, slain be his nobillis in the viij yeare of his reign.” So the old chronicles record about quite a few Scottish kings. Succession to power has not o…",disaster
"The sinking of oil tanker MT Princess Empress off the coast of Mindoro island in the Philippines has forced the area into a state of emergency, disrupting the marine environment, businesses and more than 15,000 fishersRead more: What happens when a huge ship …",disaster
"Pain, triumph, disaster – and a pair of tightly squeezed testicles. Here are some of the images that changed the way we see sport for ever• Plus Tom Jenkins on what makes a great sports imageBy Neil Leifer Continue reading...",disaster
"The tremor was reported near Turkey's border with Syria, weeks after another quake killed thousands.",disaster
Health officials reportedly take precautions to protect Aya from kidnapping and adoption fraud.,disaster
"The Zaporizhzhia Nuclear Power Station was among the Ukrainian structures damaged by a barrage of Russian missiles on Wednesday. Though power has been restored, the threat of nuclear meltdown remains.",disaster
The three men are found alive under the rubble some 278 hours after the earthquake hit Turkey.,disaster
The booming pandemic-tech industry is attracting billions from VCs. Can a Silicon Valley-style disruption actually prevent the next deadly outbreak?,disaster
"Even as rescuers rush to arrive, it's often locals who can best offer immediate help, experts say. And they say governments in devastated areas often fail to realize the scope and respond immediately.",disaster
Opinion: The risk of tensions with North Korea spiraling out of control far outweighs any potential benefit from continuing on the current path.,disaster
Prime Minister Kyriakos Mitsotakis apologized Sunday for any responsibility Greece's government may bear for the deadliest train crash in the country's history,disaster
"It took the LGBTQ+ community, educated by the trauma of HIV and Aids, to fill a vacuum left by government failureHarun’s nightmare began with a fever, a general sense of being under the weather. Maybe it was Covid, he thought. Then his temperature soared to o…",disaster
"What makes an impact is basic footballing competence and the cautious progress made under Erik ten Hag would be destroyed in an instantAnd here’s one we made earlier. Please ignore the noises from the basement. We, the sovereign state of Qatar, are here to re…",disaster
The merger of channels is a cost-cutting measure that has provoked derision and anger. But changes needed to happenAnother hectic day for the BBC News channel yesterday. More Boris Johnson – there’s always more Johnson; more charting the twists and turns of a…,disaster
"The UN's delay in sending aid to Syrian victims of last month's quake was unjustified, some experts say.",disaster
"In January, California was hit with back-to-back storms. The damage from those storms really hit the backroads of the Santa Cruz mountains, as you'll see in this video by cyclist Larry Rairden. He biked 300 miles through the mountains in mid-January, capturin…",disaster
"We outline the panel’s conclusions regarding the conduct of Uefa, the police, the French FA and the fans in Paris last May“The panel has concluded that Uefa, as event owner, bears primary responsibility for failures which almost led to disaster.” Continue rea…",disaster
"The ""Cocaine Bear"" director managed to avoid an Oscars disaster in the best way possible.",disaster
Disney plans to scale back its streaming content as cost-cutting hits the entertainment giant. Marvel Studios will reportedly see the first and perhaps biggest cuts under CEO Bob Iger’s second stint leading the company. Marvel head Kevin Feige echoes the sent…,disaster
"The Turkish president’s role in allowing lax regulation to flourish is coming under scrutiny in the wake of the disaster that struck AdıyamanAmid a wasteland strewn with bricks and iron and a city reeling from unfathomable loss, a lone new building stands uns…",disaster
The tour bus collided with an armoured vehicle on a bridge and then fall into the river below.,disaster
Rescue efforts are under way near the scene of a shipwreck in which dozens of migrants died last month.,disaster
A man accused of causing Greece’s deadliest train disaster has been charged with negligent homicide and jailed pending trial.,disaster
"The U.S. Department of Transportation has registered more than 12,400 train derailments over the past decade, and they rarely lead to disaster.",disaster
New FAA technology is being rolled out as a means of preventing accidents at airports caused by pilots mistakenly landing on taxiways instead of runways.,disaster
"Search and rescue teams are still at about 40 buildings in Hatay and Kahramanmaraş Turkey has ended rescue efforts in all provinces except the two hardest hit by last week’s massive quake that killed tens of thousands of people, the Turkish disaster agency sa…",disaster
"Rescuers still pulling survivors from beneath collapsed buildings in defiance of the odds Rescue teams have pulled three people alive from under collapsed buildings in Turkey, 11 days after an earthquake that has killed more than 45,000, left millions homeles…",disaster
"NASA’s Perseverance rover has spent its two years on Mars imaging the planet’s surface and collecting rock samples that will, should all go well, be brought to Earth in the early 2030s.Read more...",disaster
"The men, including two teenagers, were saved as rescue teams look to next phase of aidThree more people have been rescued almost 200 hours after a massive earthquake hit Turkey and Syria, but hopes are dwindling of finding more survivors of what the World Hea…",disaster
(Hardly Art)Baroque psychedelia mingles with west coast pop and gothic folk in this dazzling third solo album from the La Luz frontwomanThere’s a single track title on Shana Cleveland’s dazzlingly good third solo album that tells a thousand stories. The song …,disaster
"Greene voted against a resolution that lauded ""the work of humanitarian aid and rescue workers"" in Syria and Turkey. The resolution passed 412-2.",disaster
"Drone footage of the Turkish city of Kahramanmaraş reveals the extent of devastation from the earthquakes that hit the region last week. Compared with footage of the same locations in 2020, the stadium, previously a centre of sports life, is now a rescue cent…",disaster
The UN says 11 lorries have driven through a reopened border crossing into rebel-held north-west Syria.,disaster
"<ol><li>Hugh Grant slammed for rude Oscars interview with Ashley Graham: 'WHAT A D---!'  Toronto Sun
</li><li>Hugh Grant ROLLS HIS EYES After Oscars Interview  Entertainment Tonight
</li><li>‘A complete disaster’: Hugh Grant divides fans with ‘painful’ Osca…",disaster
"Ben Ratner, who lives near East Palestine, Ohio, told People magazine that his life was eerily similar to the movie ""White Noise"".",disaster
"A day before Biden's student-loan forgiveness arrives at the Supreme Court, Sen. Warren released a report on the impact of debt relief on borrowers.",disaster
"The disaster death toll rises to 64, with three detained men accused of being human traffickers.",disaster
"Mining company operating in autonomous region of Inner Mongolia has history of multiple safety violationsAt least five people have died and 48 are missing after an open-pit coalmine collapsed in Inner Mongolia, an autonomous region in north China.One of the w…",disaster
The vessel will head to Yemen and remove 1.1m barrels of oil from a stricken tanker in the Red Sea.,disaster
"Max Rushden is joined by Barry Glendenning, Robyn Cowen and Barney Ronay to review the weekend’s Premier League action.Rate, review, share on Apple Podcasts, Soundcloud, Audioboom, Mixcloud, Acast and Stitcher, and join the conversation on Facebook, Twitter a…",disaster
"<ul><li>Announcement follows damning Champions League final report</li><li>Liverpool fans get apology for treatment and being blamed</li></ul>Uefa promised to open a “special refund scheme for fans” who attended last season’s Champions League final, as it res…",disaster
Dialysis patients could die if they miss one treatment. But the increasing frequency of extreme weather in the US is making this risk more prevalent.,disaster
The genetically distinct population of canines provides a way to study how harsh environments can affect DNA.,disaster
More than 500 bodies have been pulled from the rubble of 200 destroyed buildings in Jindayris.,disaster
"Late-night hosts discuss the GOP’s unserious reaction to the toxic train derailment in Ohio, as well as more UFO speculation and Elon Musk’s insecuritiesOn Wednesday evening, Seth Meyers tore into the Republican party’s refusal to deal seriously with the toxi…",disaster
"Disaster has given opportunity to show decisive leadership but issues raised by climate change could be a political landmineOn the lawn of a suburban home in Coromandel, the prime minister’s dress shoes have been scuffed ochre by a softened bed of clay. Chris…",disaster
Pets left behind when people fled the disaster in 1986 seem to have seeded a unique population.,disaster
"People living near the chemical disaster are wary of contamination, and even across the state line Pennsylvanians are worriedAs a dense cloud of toxic smoke descended across Darlington in western Pennsylvania, Patrick Dittman knew that the catastrophic train …",disaster
New Zealand's PM says Cyclone Gabrielle was biggest disaster this century as death toll likely to rise.,disaster
"Ten days after disaster, grief is being subsumed by anger over lax building standardsBodies continued to be retrieved from rubble across southern Turkey on Thursday as the death toll from the earthquake neared 37,000, and anger mounted among survivors, who sa…",disaster
"Spawning sites in east and south-west will need unusually wet spring for tadpoles to surviveThe recent warm spell brought the first sightings of frog spawn in Bedfordshire, but amateur recorders have expressed alarm at the state of breeding sites. Last year’s…",disaster
His plea comes as protesters angry over the deadly disaster clash with police in the capital Athens.,disaster
"Railroads would be subject to new federal regulations and financial consequences under legislation Railroads like the one involved in last month’s crash and toxic chemical release in East Palestine, Ohio, would be subject to new federal regulations and financ…",disaster
Pliny the Younger said the tale of the city’s disaster would live for ever and a new excavation will reveal more about the Romans who lived – and died – thereThe first sign was smoke rising from the mountain and it was Pliny’s mother who noticed it. They didn…,disaster
"As the search and rescue effort for buried survivors of the Feb. 6 earthquake started to wind down in Turkey, demolition teams have moved in to clear the...",disaster
A population of wild dogs living near the Chernobyl exclusion zone is now giving scientists a glimpse into how long-term radiation exposure affects generations.,disaster
"Fox News, Trump and JD Vance claim Biden overlooked East Palestine’s plight, citing residents’ whiteness as the reason. Plus, what should New York do with its billion dollar weed mountain?Good morning.Three weeks into the Ohio train disaster, a new set of hea…",disaster
"Every night on his Fox News program, Carlson lavishes praise on Donald Trump as a terrific leader and complains about the stolen election. But it's all an act. Recent court exhibits and depositions in the Dominion lawsuit against Fox reveal that Carlson doesn…",disaster
"The magnitude 7.8 earthquake that devastated south-central Turkey and northern Syria did not damage the ancient site of Göbekli Tepe, according researchers there.Read more...",disaster
Cyclone Gabrielle struck the country's north on Monday and has brought more destruction to the country than any weather event in years.,disaster
Japan's Cabinet formally adopted a policy that will allow for the operation of nuclear reactors beyond their current 60-year limit alongside the building of new units to replace aging ones as part of efforts to cut carbon emissions while ensuring adequate nat…,disaster
"An open investigation indicates that an overheated wheel was likely the cause of the derailment. But, Unions say the issue is workplace conditions.",disaster
"The historian Stephen Kotkin and the Ukrainian journalist Sevgil Musaieva on a year of disaster, and the hopes for an end. Plus, Angela Bassett on playing the queen of Wakanda.",disaster
Experts say the repeated use of tear gas shows that “nothing has really changed” since the Kanjuruhan stadium disaster.,disaster
Soccer fans in Istanbul flooded the pitch with stuffed animals for children who survived the two devastating earthquakes.,disaster
"'National Enquirer'



The long dark teatime of our soul continues with Ben Affleck and Jennifer Lopez's cover story in the 'Enquirer': ""Ben & J.Lo Marriage Disaster!""



Why let the facts stand in the way of a good story?















When Ben Affleck look…",disaster
"As New Zealand declares a national state of emergency for only the third time in its history, we want to hear how you have been affectedCyclone Gabrielle has caused devastation across New Zealand’s North Island. A national state of emergency has been declared…",disaster
The president says he is taking Russia out of the last nuclear arms control treaty with America.,disaster
Torrential rains plunge entire neighbourhoods under water and trigger landslides in São Paulo state.,disaster
"Online misinformation exploits victims’ traumatic experiences, and factcheckers need support as they work to debunk itA video shared on social media shows a column of thick smoke billowing from a harbour-side building before a cataclysmic explosion. The capti…",disaster
"Former president heading to East Palestine, Ohio, after loosening safety regulations for rail operators<ul><li>Sign up to receive First Thing – our daily briefing by email</li></ul>Good morning, US politics blog readers. Donald Trump is today heading to East …",disaster
"First relief housing units arrive in Hatay province, Amazon sends food and blankets and Allianz donates €6mThe Ikea Foundation has sent 5,000 flatpack shelters to southern Turkey and northern Syria to house people left homeless by the earthquake last week, as…",disaster
"A way must be found to open up cross-border routes from Turkey and deliver help to a forgotten regionA week on, amid the tears of the bereaved and the abandoned, the unbearable scale of the death and destruction has become horrifyingly clear. At least 35,000 …",disaster
"Rescue crews are scrambling to dig out residents before roofs collapse, while Yosemite National Park is closed.",disaster
"Although the intense imagery suggests Ohio might have a mini Chernobyl on its hands, the scale of Chernobyl's destruction was much worse.",disaster
"A train derailed and flooded a town with cancer-causing chemicals. But something larger, and more troubling, is at workEarlier this month, a train carrying toxic chemicals derailed in eastern Ohio, exploding into flames and unleashing a spume of chemical smok…",disaster
"Fox News, Trump and JD Vance claim Biden overlooked East Palestine’s plight, citing residents’ whiteness as the reasonUntil 2 February it was business as usual in the small rural community of East Palestine, Ohio. The local paper carried obituaries and sporti…",disaster
"Conservative dog-whistling about how white people in red states are pariahs was a tactic that helped Trump win a presidential electionAs residents of East Palestine, Ohio struggle to pick up the pieces after a freight train carrying hazardous chemicals was de…",disaster
"Next-generation rocket, which Jaxa space agency hopes can compete against SpaceX Falcon, blows itself up after engine failureJapan’s next-generation H3 rocket has self-destructed after liftoff when its second-stage engine apparently failed.The mission was to …",disaster
